{
  "my_coin": {
    "fileFormatVersion": 6,
    "address": "0x3cc57c0fb85bd8180b7f0520d1068e5f730a505bdbfd1ff9a06e129909f06da4",
    "name": "my_coin",
    "friends": [],
    "structs": {
      "MY_COIN": {
        "abilities": {
          "abilities": [
            "Drop"
          ]
        },
        "typeParameters": [],
        "fields": [
          {
            "name": "dummy_field",
            "type": "Bool"
          }
        ]
      }
    },
    "exposedFunctions": {
      "mint": {
        "visibility": "Public",
        "isEntry": true,
        "typeParameters": [],
        "parameters": [
          {
            "MutableReference": {
              "Struct": {
                "address": "0x2",
                "module": "coin",
                "name": "TreasuryCap",
                "typeArguments": [
                  {
                    "Struct": {
                      "address": "0x3cc57c0fb85bd8180b7f0520d1068e5f730a505bdbfd1ff9a06e129909f06da4",
                      "module": "my_coin",
                      "name": "MY_COIN",
                      "typeArguments": []
                    }
                  }
                ]
              }
            }
          },
          "U64",
          "Address",
          {
            "MutableReference": {
              "Struct": {
                "address": "0x2",
                "module": "tx_context",
                "name": "TxContext",
                "typeArguments": []
              }
            }
          }
        ],
        "return": []
      }
    }
  }
}